3090048,174614,4425214,182986,147969,4191060,181880,219154,358343,920226,f__Bradyrhizobiaceae,2686384,3506872,3327894,4344861,4304475,s__cloacae,2862781,204099,4029584,564806,4387250,511795,4384203,3325984,4330715,182854,724120,3426658,2875735,4393172,370099,g__Ralstonia,1663575,199430,557978,4361727,g__Peptococcus,4374638,194626,193448,2281172,179279,205904,4477696,190675,189708,183573,187883,299837,178763,2358923,566976,3320406,352529,183603,187841,344430,294270,188990,190183,3474081,191399,o__Sphingomonadales,851715,3443092,336710,4353251,4232047,366352,303326,188329,1076557,581079,185936,191923,g__Delftia,4404220,4391230,1733364,294219,177732,312070,513500,185240,4439469,331253,4201971,294922,187651,523768,2134452,191483,192048,175789,202162,192263,1952,176833,3338600,o__Rickettsiales,1105919,185753,g__Adlercreutzia,label
0,0,0.007192123,0,0,0,0,0,0,0.007192123,0,0,0,0.007192123,0,0.007192123,0.007192123,0,0,0,0,0.014384246,0.007192123,0,0.007192123,0,0.129458217,0,0.143842464,0.057536985,0.028768493,0,0,0,0.201379449,0,0.043152739,0,0,0,0,0,0,0.014384246,0,0,0,0,0.007192123,0.028768493,0,0,0.589754101,0,0,0,0.237340065,0.014384246,0,0,0,0,0,0,0,0.007192123,0.050344862,0,0,0,0,0.007192123,0,0,0.007192123,0.007192123,0,0,0,0,0,0,0,4.207392064,0,0,0,0.064729109,0.014384246,0,0,0.215763696,0.143842464,0.028768493,0.014384246,0,0,0,0,0,0,0,0,0,A
0,0,0,0,0,0,0,0,0,0,0,0,0,0.060922365,0,0.020307455,0.04061491,0,0,0,0,0,0,0,0,0,0.060922365,0,0.060922365,0.060922365,0,0,0,0,0.060922365,0,0,0,0,0,0,0.121844729,0,0,0,0,0,0,0.020307455,0,0.101537274,0,0.223382004,0,0,0,0.284304368,0,0,0,0,0,0.04061491,0,0,0,0,0,0,0,0,0,0,0.04061491,0.121844729,0,0,0,0,0.081229819,0.020307455,0,0,1.055987653,0,0,0.020307455,0.385841642,0.101537274,0,0,2.111975306,0,0,0.182767094,0,0,0,0,0,0.020307455,0,0,0,H
0,0,0,0,0.058461299,0,0,0,0,0,0,0.058461299,0,0.077948398,0,0,0,0,0,0,0.175383896,0,0.0194871,0,0,0,0.214358095,0,0.331280692,0.155896796,0,0,0.0194871,0.077948398,0,0,0.0194871,0,0,0,0,0.175383896,0,0.0194871,0,0,0,0,0,0,0,0,10.26970146,0,0.0194871,0,0.467690389,0,0,0,0,0,0,0,0,0,0.038974199,0,0,0,0,0,0,0,0,0,0,0,0.0194871,0.097435498,0,0,0,1.812300257,0,0.038974199,0,0,0,0,0,6.157923455,0.214358095,0,0,0,0,0.0194871,0,0,0.0194871,0.0194871,0,0,H
0.042240433,0,0.042240433,0,0,0,0,0,0.042240433,0.021120216,0,0.042240433,0,0.063360649,0,0.021120216,0,0,0,0,0.042240433,0,0,0,0,0,0,0,0.042240433,0,0,0,0,0,0,0,0,0,0,0,0,2.534425953,0,0,0,0,0,0,0.021120216,0,0,0,4.033961308,0.021120216,0,0,0,0,0,0,0,0,0,0,0,0,0,0,0,0,0,0,0,0.063360649,0.147841514,0,0,0,0,0.147841514,0,0,0,6.56838726,0,0.021120216,0.021120216,0.253442595,0.359043677,0,0,0.126721298,0,0.021120216,1.07713103,0,0.021120216,0,0,0,0,0,0,0,H
0,0,0,0,0,0,0,0,0.018869705,0,0,0,0.245306161,0,0.056609114,0.396263798,0,0.094348523,0,0,0.056609114,0.226436456,0.018869705,0.075478819,0,0,0.415133503,0,4.981602038,0.339654684,0.415133503,0,0,0.075478819,0,0,0.28304557,0,0.018869705,0.113218228,0,0.018869705,0,0.32078498,0.037739409,0,0,0,0,0,0.094348523,0.018869705,4.396641193,0.094348523,0,0.264175866,1.264270214,0,0,0,0,0.075478819,0,0,0,0,0.509482027,0.226436456,0,0,0,0,0.018869705,0.037739409,0,0,0,0,0.169827342,0,0,0,0,0.622700255,0,0,0,0,0.075478819,0,0,0.471742617,1.585055194,0,0.377394094,0,0,0.037739409,0,0,0,0,0,0,A
0,0,0,0,0.043181622,0,0,0,0,0,0.064772433,0.043181622,0,0,0,0.021590811,0,0.129544866,0,0,0.021590811,0,0,0,0,0,0,0,0,0,0.021590811,0,0.064772433,0.647724329,0,0.043181622,0,0,0,0,0,0.107954055,0,0,0.043181622,0,0,0,0,0,0,0,84.35529839,0,0,0.021590811,0,0,0,0,0,0,0,0,0,0,0,0.021590811,0.021590811,0,0,0,0,0.021590811,0,0,0,0.151135677,0,0,0,0,0,3.886345971,0.021590811,0,0.021590811,0,0.388634597,0,0,0,0,0,1.619310821,0,0,0,0,0.043181622,0,0.064772433,0,0,H
0,0,0,0,0,0,0,0,0.023694437,0,0,0,0,0,0,0,0,0,0,0,0,0,0,0,0,0,0,0,0,0,0,0,0,0,0,0,0.023694437,0,0,0,0,0,0,0,0.023694437,0,0,0,0,0,0,0,0,0,0,0,0,0,7.037247654,0,0,0,0,0,0,0,0,0,0,0,0,0,0,0,0,0,0,0.189555492,0,0,0,0,0,0.402805421,0,0,0.023694437,0.023694437,0,0,0,0,0,0,0,0,0,0,0,0.023694437,0,0,0,0,H
0,0,0.046243844,0,0,0,0,0,0.023121922,0.023121922,0.023121922,0,0,0.023121922,0,0,0.184975375,0,0,0,0,0,0,0,0,0,0,0,0.046243844,0.023121922,0,0,0.092487688,0,0.069365766,0.023121922,0,0,0,0,0.069365766,0,0,0.023121922,0.046243844,0,0,0,0,0,0,0.046243844,0.624291891,0,0,0,0.069365766,0.023121922,0,0.092487688,0,0,0.092487688,0,0,0,0.023121922,0,0,0.023121922,0,0,0,0.023121922,0.046243844,0,0,0.092487688,0,0.023121922,0,0,0,8.925061851,0.046243844,0.046243844,0.092487688,0.184975375,0.323706907,0.023121922,0,0.578048047,0.023121922,0,0.809267266,0,0,0.092487688,0.023121922,0,0,0.092487688,0.023121922,0,H
0.059156429,0,0,0.01971881,0,0,0.059156429,0,0,0,0.01971881,0,0,0.03943762,0,0,0,0,0.03943762,0,0,0.01971881,0,0,0.01971881,0,0.078875239,0,0.335219766,0.03943762,0,0,0.01971881,0.01971881,0.01971881,0.01971881,0.03943762,0,0,0,0.295782147,0.118312859,0.059156429,0,0,0,0,0,0,0,0,0,4.200106482,0,0.157750478,0.01971881,0.295782147,0,0,0.078875239,0,0,0.03943762,29.22327608,0,0,0.03943762,0,0.098594049,0,0,0,0.01971881,0,0.118312859,0,0,0,0,0.059156429,0,0,0,2.780352178,0.216906907,0,0.86762763,0.177469288,0.216906907,0.03943762,0,2.997259085,0.157750478,0,0.571845483,0,0.078875239,0,0.03943762,0,0,0.01971881,0.059156429,0.473251435,H
0,0,0,0,0,0.017852361,0,0,0,0,0,0,0,0.089261805,0,0.017852361,0,0,0,0,0.035704722,0,0,0,0,0,0.071409444,0,0.196375971,0.053557083,0.035704722,0,0,0.089261805,0.17852361,0,0,0,0,0,0,0.232080693,0,0.017852361,0,0,0,0,0,0,0,0,8.069267161,0,0.035704722,0,0.303490137,0.035704722,0,0.267785415,0.107114166,0,0.124966527,0,0,0,0,0,0,0,0,0.017852361,0,0,0.392751941,0,0,0,0,0.089261805,0,0,0,1.517450683,0,0.035704722,0.017852361,1.338927073,0.196375971,0,0,3.284834419,0.124966527,0,0.714094439,0.053557083,0,0.124966527,0.053557083,0,0,0,0,0.196375971,H
0.024577875,0,0.04915575,0,0,0,0.04915575,0,0.024577875,0.04915575,0,0,0,0.172045125,0,0,0.04915575,0,0,0,0,0,0,0,0,0,0.04915575,0,0.073733625,0.0983115,0,0,0,0.122889375,0,0.024577875,0,0,0,0,0,0.0983115,0,0.024577875,0,0,0,0,0,0,0,0,22.415022,0,0.024577875,0.024577875,0.34409025,0.024577875,0,0.024577875,0,0,0.024577875,7.791186374,0,0,0.024577875,0,0.073733625,0,0,0,0,0,0.073733625,0,0,0.024577875,0,0.2949345,0,0,0,10.49475262,0.04915575,0.0983115,0.024577875,0.04915575,0.073733625,0,0,2.285742375,0.073733625,0.024577875,0.270356625,0,0,0.122889375,0,0,0,0,0,0.73733625,H
0.05345164,0,0,0,0,0,0,0,0,0,0,0,0.02672582,0.02672582,0,0,0,0,0,0,0.02672582,0,0,0,0,0,0.02672582,0,0.133629099,0.02672582,0,0,0.05345164,0.080177459,0.02672582,0,0,0,0,0,0.02672582,0.240532378,0.02672582,0,0.02672582,0,0,0.02672582,0,0,0,0,23.25146324,0,0.775048775,0,0.160354919,0,0,0.106903279,0,0,0.05345164,28.97078869,0,0,0,0,0.05345164,0,0,0,0,0.02672582,0.02672582,0,0,0.05345164,0,0.02672582,0,0,0,3.100195098,0,0,0.02672582,0.106903279,0,0.080177459,0,1.282839351,0.02672582,0,0.106903279,0,0,0.05345164,0,0,0,0.05345164,0.02672582,0,H
0,0,0,0,0,0,0,0,0,0,0,0,0,0,0,0,0.062095089,0,0,0,0,0,0,0,0.020698363,0,0,0,0,0,0.310475441,0,0,0.082793451,0.082793451,0,0,0,0,0,0.103491814,0.041396726,0,0,0,0.082793451,0.020698363,0,0,0,0.041396726,0,21.94026453,0,0,0.082793451,0,0,0,0.22768199,0,0.062095088,0.124190177,6.706269535,0,0,0,0,0,0,0,0.041396726,0,0.062095088,0.124190177,0,0,0,0,0,0,0,0,0.476062343,0.020698363,0,0.041396726,0.413967255,0.124190177,0,0,0,0,0.020698363,0.269078716,0,0,0,0.041396726,0,0,0,0.186285265,0,H
0,0,0.039090749,0,0,0,0,0,0,0.039090749,0,0.019545375,0.175908371,0,0,0,0,0.019545375,0,0,0.136817622,0,0.058636124,0,0.019545375,0,0,0,0,0,0,0,0.058636124,0.21499912,0,0.039090749,0,0,0,0,0,0.684088111,0.312725993,0,0.019545375,0,0,0,0,0,0,0,47.20207963,0.019545375,0.293180619,0,0,0,0,0,0,0,0,15.85129879,0,0,0,0,0,0,0,0,0,0.175908371,0,0,0,0,0.078181498,0,0,0,0,10.78904677,0,0.039090749,0.019545375,0,0,0.977268729,0,0,0,0,0,0,0,0,0,0.019545375,0.078181499,0.039090749,0,0,H
0.019598236,0,0.019598236,0,0,0,0,0,0.019598236,0.019598236,0,0,0.117589417,0,0,0,0,0.058794708,0,0,0.235178834,0,0.019598236,0,0,0,0,0,0,0,0,0,0.039196472,0.235178834,0,0.019598236,0,0,0,0,0,1.097501225,0.50955414,0,0.058794708,0,0,0,0,0,0,0.019598236,45.97746203,0,0.313571779,0,0,0,0,0,0,0,0,19.69622734,0,0,0,0.039196472,0,0,0,0,0,0.137187653,0,0,0,0,0.117589417,0,0,0,0,10.13228809,0,0.078392945,0.019598236,0,0,1.665850073,0,0,0,0,0,0,0,0,0,0,0.019598236,0.039196472,0,0,H
0,0.019299803,0.077199213,0.289497047,0,0.135098622,0,0.019299803,0.057899409,0,0,0,0.250897441,0,0,0,0,0.135098622,0.192998031,0,0,0,0.019299803,0,0,0.019299803,0,0.019299803,0,0.019299803,1.679082873,0,0,0,0.077199213,0.115798819,0,0,0.077199213,0.019299803,0,0,0,0,0.096499016,0.019299803,0.077199213,0.019299803,0.115798819,0.154398425,0,0.057899409,6.793530706,0,0,2.238777164,0,0.212297835,0,0,0,1.910680511,0,0,0.077199213,0.057899409,0,0.096499016,0,0.019299803,0,0.096499016,0.038599606,0,0,0.019299803,0,0.578994094,0.250897441,0,0,0,0,12.39047362,0,0,0,0,0.019299803,0,0.019299803,0,0.019299803,0.038599606,0.057899409,0.250897441,0,0,0,0,0.019299803,0,0,0,A
0.041756269,0,0,0,0,0,0,0,0,0.062634403,0,0,0,0,0,0,0,0,0,0,0.020878134,0,0,0,0,0,0.083512537,0,0.14614694,0.083512537,0.020878134,0,0.020878134,1.524103806,0,0.041756269,0.020878134,0,0,0,0,0.041756269,0,0.041756269,0,0.020878134,0,0,0,0,0,0,185.7110049,0.020878134,0,0,0.354928284,0.020878134,0,0,0,0,0,0,0,0,0.020878134,0.020878134,0,0,0,0,0,0,0.041756269,0,0,0.48019709,0.020878134,0,0,0,0,7.223834478,0.020878134,0,0.125268806,0.062634403,0,0,0,3.611917239,0,0,0.041756269,0,0,0,0,0,0,0.020878134,0.020878134,0,H
0.021282029,0,0,0,0,0,0,0,0,0,0,0,0,0.170256236,0,0,0,0,0,0,0.085128118,0,0,0,0.021282029,0,0.063846088,0,0.085128118,0.021282029,0,0,0,0,0,0,0,0,0,0,0,0.127692177,0,0,0,0,0,0,0,0,0,0,0.191538265,0,0,0,0.106410147,0,0,0,0,0,0,0.851281178,0,0,0,0,0,0,0,0,0,0.042564059,0,0,0,0,0,0.212820295,0,0,0,0.042564059,0,0,0,0.021282029,0.40435856,0,0,0.936409296,0,0,1.766408445,0,0,0.212820295,0,0,0,0,0,0,H
0,0,0,0,0,0,0,0,0,0,0,0,0,0.251272065,0,0,0,0,0,0,0.020939339,0,0,0,0,0,0,0,0,0.041878677,0.083757355,0,0.041878677,0.125636032,0.020939339,0,0,0,0,0,0,0,0,0,0.020939339,0,0,0,0,0,0,0,18.04970999,0,0,0.020939339,0.020939339,0,0,0.146575371,0.041878677,0,0.020939339,0,0,0,0,0,0.041878677,0,0,0,0,0.104696694,0.041878677,0,0,0.083757355,0,0.460665452,0,0,0,0.355968759,0,0.020939339,0.041878677,0.041878677,0.104696694,0,0,0.376908097,0.020939339,0,0.230332726,0,0,0.586301485,0.020939339,0,0,0.041878677,0,0,H
0.021407317,0,0,0,0,0,0,0,0,0,0,0.021407317,0,0.492368291,0,0,0,0.042814634,0,0,0,0,0,0,0,0,0.021407317,0,0.042814634,0.021407317,0.171258536,0,0,0.128443902,0.107036585,0,0,0,0,0,0,0.42814634,0,0,0,0,0,0,0.021407317,0,0.021407317,0,22.54190482,0,0,0.064221951,0.042814634,0,0,0.107036585,0.064221951,0.021407317,0.085629268,0,0,0,0.021407317,0,0.021407317,0,0,0,0,0.064221951,0.192665853,0,0,0,0,0.706441462,0,0,0,1.327253655,0.042814634,0.128443902,0.128443902,0.706441462,0.021407317,0,0,0.642219511,0,0,0.064221951,0,0.021407317,0,0.021407317,0,0,0,0.042814634,0,H
0,0,0,0,0,0,0,0,0,0,0,0,0,0,0,0,0,0,0,0,0,0,0,0,0,0,0,0,0.070984076,0,0,0,0.047322717,0.141968152,0.023661359,0,0.023661359,0,0,0,0,0.047322717,0,0,0,0,0,0,0,0,0,0,23.02250195,0,0,0,0.094645435,0.023661359,4.613964934,0,0,0,0.023661359,0,0,0,0.070984076,0,0,0,0,0,0,0.023661359,0.023661359,0,0,0.094645435,0,0.023661359,0,0,0,0.16562951,0.023661359,0,0,0.118306793,0.118306793,0,0,1.017438421,0,0,0.189290869,0,0,0.047322717,0,0,0,0.047322717,0,0,H
0,0,0,0,0,0,0.086084449,0,0,0,0,0,0,0,0,0.021521112,0,0,0,0,0,0.021521112,0.021521112,0,0,0,0.19369001,0,0.172168898,0.086084449,0.043042224,0,0.172168898,0.817802264,0.021521112,0,0.043042224,0,0,0,0,0.064563337,0,0,0,0,0.021521112,0,0,0,0,0,119.3776094,0,0,0,0.301295571,0.021521112,0,0.322816683,0.19369001,0.021521112,0.021521112,0,0,0,0.021521112,0,0.021521112,0,0,0,0,0,0.129126673,0,0,0,0,0.150647785,0,0,0,1.054534498,0.043042224,0,0.064563337,0.129126673,0,0,0,2.776223475,0.107605561,0,0.215211122,0,0,0,0.064563337,0,0,0.172168898,0.021521112,0,H
0.123150543,0,0,0,0,0,0,0,0,0,0,0,0,0.070371739,0,0,0,0,0,0,0.017592935,0,0,0,0,0,0.087964673,0,0.035185869,0.052778804,0.017592935,0,0.035185869,0,0.017592935,0.017592935,0.017592935,0,0,0,0.070371739,0.105557608,0,0.052778804,0,0,0,0,0.017592935,0,0.017592935,0,0.017592935,0,0.035185869,0,0.175929347,0.017592935,0,0.475009236,0,0,0.211115216,0,0,0,0,0,0.193522281,0,0,0,0,0.017592935,0.29907989,0,0,0,0,0.211115216,0.017592935,0,0,2.322267377,0,0.052778804,0.052778804,0.844460865,0,0,0,2.075966292,0.105557608,0.035185869,0.105557608,0,0.087964673,0.052778804,0.140743477,0.017592935,0,0.035185869,0,0.087964673,H
0,0,0,0.020004001,0,0,0.020004001,0,0,0.020004001,0,0,0,0.040008002,0,0,0,0.020004001,0,0,0,0,0,0,0,0,0.020004001,0,0,0.020004001,0,0,0,0,0,0.020004001,0,0,0,0,0.040008002,0,0,0,0.020004001,0,0,0,0.020004001,0,0,0,0.020004001,0,0.040008002,0.160032006,0.020004001,0.020004001,6.081216243,0.060012002,0,0,0.080016003,0,0,0,0,0,0.020004001,0,0,0,0,0,0.140028006,0,0,0.020004001,0,0,0,0,0,1.800360072,0,0,0,0.320064013,0,0.020004001,0,0.440088018,0.020004001,0,0.040008002,0,0,0,0.020004001,0,0.020004001,0,0,0,H
0,0,0,0,0,0,0,0,0,0,0.097740246,0,0,0,0,0,0,0,0,0,0,0,0,0,0,0,0,0,0,0,0,0,0,0,0.019548049,0,0,0,0,0,0,0.058644147,0,0,0.019548049,0,0,0,0,0.019548049,0,0,0,0,0.019548049,0,0,0,5.121588865,0.488701228,0,0,0.097740246,0,0,0,0,0,0,0,0,0,0,0.039096098,0.039096098,0,0,0,0,0,0,0,0,1.661584174,0.078192196,0,0.371412933,0.156384393,0.254124638,0,0,0,0,0,1.036046603,0,0,0,0.078192196,0.019548049,0,0,0.039096098,0,H
0.018296588,0,0,0,0,0,0,0,0,0,0,0,0,0.018296588,0,0,0,0,0,0,0,0,0,0,0,0,0.073186351,0,0.128076114,0.054889763,0.073186351,0,0,0.091482938,0.018296588,0,0.018296588,0,0,0,0.201262465,0.182965877,0,0.018296588,0,0.018296588,0,0,0,0,0.018296588,0,6.586771567,0,0.054889763,0.054889763,0.146372701,0,0,0,0,0.018296588,0.018296588,0,0,0,0.073186351,0,0,0,0,0.018296588,0,0.073186351,0.054889763,0,0,0,0,0.036593175,0,0,0,2.561522276,0.036593175,0.073186351,0.23785564,0.054889763,0.182965877,0,0,3.23849602,0.054889763,0,0.731863507,0.018296588,0.018296588,0,0,0,0,0,0,0,H
0,0,0,0,0.07710338,0,0,0,0,0,0,0,0,0,0,0,0,0.015420676,0,0,0,0,0,0,0,0,0,0,0.015420676,0,0,0,0,0,0,0,0,0,0,0,0,0,0,0,0,0,0,0,0,0,0,0,15.34357266,0,0,0,0.092524056,0,0.771033802,0,0,0,0,0,0,0,0,0,0,0,0,0,0,0,0,0,0,0.015420676,0,0.015420676,0,0,0.015420676,0.832716506,0,0,0,0.015420676,0,0,0,0.015420676,0.015420676,0,0,0,0,0,0,0.030841352,0,0,0,0.015420676,A
0,0,0,0,0,0,0,0,0,0.018875047,0,0,0,0.264250661,0,0,0,0,0,0,0.018875047,0,0,0,0,0,0,0,0,0,0,0,0.037750094,0,0,0.018875047,0,0,0,0,0,0.434126085,0,0,0,0,0,0,0,0,0,0,2.397130993,0,0,0,0,0,0,0,0,0,0,0,0,0,0,0,0,0,0,0,0,0.037750094,0,0,0,0,0,0.358625897,0,0,0,1.566628917,0,0.037750094,0,0,0.415251038,0,0,0,0,0,1.6798792,0,0,0,0,0,0,0.037750094,0,0,H
0,0,0,0,0,0,0.055619415,0,0,0,0,0,0,0.03707961,0,0,0,0,0,0,0,0,0,0,0,0,0.018539805,0,0.055619415,0.018539805,0.03707961,0,0.03707961,0.426415514,0.018539805,0.018539805,0,0,0,0,0.055619415,0,0,0.018539805,0,0.018539805,0.018539805,0,0,0,0.018539805,0,85.22748341,0,0.03707961,0.203937855,0.07415922,0.018539805,3.837739627,0.129778635,0.055619415,0,0.129778635,0,0,0,0.018539805,0,0.092699025,0,0,0,0,0.018539805,0.11123883,0,0,0,0,0.018539805,0,0,0,3.466943528,0.018539805,0,0.296636879,0.203937855,0.03707961,0.092699025,0,1.130928103,0.03707961,0,0.07415922,0,0.018539805,0,0.018539805,0.018539805,0,0.03707961,0.03707961,0,H
0,0,0,0.074443535,0,0,0.018610884,0,0,0,0,0,0,0.037221767,0,0,0,0,0,0,0.018610884,0,0,0,0,0,0,0,0.037221767,0.018610884,0.055832651,0,0.018610884,0,0.093054418,0,0.018610884,0,0,0,0,0.130276186,0,0.018610884,0,0,0,0,0.074443535,0,0.018610884,0,3.256904638,0,0,0,0.055832651,0.037221767,0,0,0,0.018610884,0.093054418,0,0,0,0.018610884,0,0,0,0,0,0,0.018610884,0.372217673,0,0,0,0,0.074443535,0.018610884,0,0,1.153874786,0.074443535,0,0.483882975,0.763046229,0.148887069,0,0,1.526092459,0.018610884,0.018610884,0.502493858,0,0,0,0,0,0,0.018610884,0.055832651,0.037221767,H
0,0,0,0,0,0,0,0,0,0,0,0,0,0.118124188,0,0,0,0,0,0,0,0,0,0,0,0,0.137811553,0,0.196873646,0.078749459,0,0,0,0.039374729,0,0,0,0,0,0,0,0,0,0.059062094,0.019687365,0,0,0,0,0,0,0,0.649683033,0,0.039374729,0,0.29531047,0,0,0.019687365,0,0,0.019687365,0,0,0,0.039374729,0,0,0,0,0.039374729,0,0,0,0,0,0.019687365,0,0.157498917,0,0,0,0,0,0,0,0.078749459,0,0,0,3.287789896,0.177186282,0.019687365,0.019687365,0,0,0.019687365,0.019687365,0.019687365,0,0,0,0,H
0,0,0.03483835,0,0,0,0,0,0,0.017419175,0,0,0,0,0,0,0,0,0,0,0,0,0,0,0,0,0,0,0.10451505,0,0,0,0,0.052257525,0,0,0,0,0,0,0,0,0.03483835,0,0,0,0,0,0,0,0,0.017419175,6.776059086,0,0,0.1393534,0.052257525,0,6.37541806,0.017419175,0,0,0.03483835,0,0,0,0,0,0.017419175,0,0,0,0,0,0.03483835,0,0,0,0,0,0,0,0,2.578037904,0,0,0,0.087095875,0.017419175,0.0696767,0,0.348383501,0,0,0.470317726,0,0,0,0.052257525,0.017419175,0.017419175,0,0,0.03483835,H
0.018958784,0,0.018958784,0.018958784,0,0,0,0,0,0,0,0,0,0.189587836,0,0,0.018958784,0,0,0,0.075835134,0,0,0,0.037917567,0,0.094793918,0,0.113752702,0.037917567,0.018958784,0,0.018958784,0,0.132711485,0,0,0,0,0,0.094793918,0,0,0.018958784,0,0,0.037917567,0,0.018958784,0,0,0,4.398437796,0,0.132711485,0,0.360216888,0.037917567,0,0,0,0,0.227505403,0,0,0,0.056876351,0,0,0,0,0,0,0.018958784,0.455010807,0,0,0,0,0.227505403,0.018958784,0,0,1.554620256,0.018958784,0.037917567,0.132711485,1.251279718,0.227505403,0,0,3.374663482,0.094793918,0.018958784,0.341258105,0,0.018958784,0,0,0,0,0.018958784,0.018958784,0,H
0,0,0,0,0,0,0.114765387,0,0,0,0,0,0,0.098370332,0,0.016395055,0,0,0,0,0,0,0,0,0,0,0.081975276,0,0.032790111,0.016395055,0.032790111,0,0,0,0.049185166,0,0,0,0,0,0.032790111,0.147555497,0,0.016395055,0,0.049185166,0,0,0,0,0,0,0.032790111,0,0,0.016395055,0.114765387,0,0,0.721382431,0,0,0.114765387,0,0,0,0.032790111,0,0.049185166,0,0,0.016395055,0,0,0.131160442,0,0,0,0,0.180345608,0,0,0,1.705085746,0.098370332,0,0.180345608,0.377086271,0.131160442,0,0,1.852641243,0.049185166,0,0.360691216,0,0.032790111,0.31150605,0.131160442,0,0,0,0.016395055,0.114765387,H
0.077890719,0,0.01947268,0.03894536,0,0,0,0,0,0,0,0,0,0.03894536,0,0.01947268,0.03894536,0.058418039,0,0,0.058418039,0,0.058418039,0,0.01947268,0,0.194726798,0,0.253144838,0.058418039,0,0,0.01947268,0.097363399,0.155781439,0.01947268,0,0,0,0,0,0.233672158,0,0,0,0,0.01947268,0,0,0,0,0,20.3684231,0,0.058418039,0,0.739961834,0,0,1.752541185,0,0,0.175254118,0,0,0,0.097363399,0,0,0,0,0,0,0,0.214199478,0,0,0,0,0.01947268,0,0,0,1.051524711,0.01947268,0,0.03894536,0.759434513,0,0,0,6.406511664,0.155781439,0,0,0,0.058418039,0,0.175254118,0,0.03894536,0.01947268,0,0,H
0,0,0,0,0,0,0.016884762,0,0,0,0,0,0,0.084423808,0,0,0,0,0,0,0.050654285,0,0,0,0,0,0.067539046,0,0.135078092,0.016884762,0.016884762,0,0,0.016884762,0.016884762,0,0.016884762,0,0,0,0,0,0,0.033769523,0,0,0.016884762,0,0,0,0.016884762,0,2.279442803,0,0,0,0.084423808,0,0,0.033769523,0.033769523,0,0.101308569,0,0,0,0,0,0,0,0,0,0,0.067539046,0.303925707,0,0,0.016884762,0,0.151962854,0,0,0,0.658505699,0.033769523,0.016884762,0.084423808,0.236386661,0.067539046,0,0,0.962431406,0.016884762,0.033769523,0.202617138,0,0.016884762,0.050654285,0,0,0,0,0,0,H
0,0,0,0,0,0,0,0,0,0,0,0,0,0,0,0.019930641,0,0,0,0,0.019930641,0,0,0,0,0,0.019930641,0,0,0,0,0,0,0.019930641,0.039861283,0,0,0,0,0,0,0.039861283,0.019930641,0,0,0,0,0,0,0,0,0,7.57364372,0,0,0,0,0,5.919400486,0,0,0,0,0,0,0,0,0,0,0,0,0,0,0,0.099653207,0,0,0,0,0.019930641,0,0,0,0.019930641,0,0,0.019930641,0.079722565,0.039861283,0.019930641,0,0.259098338,0,0,0.059791924,0,0,0.019930641,0,0,0,0,0.019930641,0,H
0,0,0,0,0,0,0,0.029063572,0.009687857,0,0,0,0,0,0.009687857,0.048439286,0,0.058127143,0,0,0,0.009687857,0,0,0,0,0,0,0,0,0.426265719,0,0,0,0.048439286,0,0,0,0,0,0,0,0,0,0.135630001,0,0,0,0,0.009687857,0,0,9.697545097,0,0,0.135630001,0,0,0,0.009687857,0,0.096878572,0,0,0,0,0,0.009687857,0,0,0,0,0,0,0,0,0.048439286,0.66846215,0.009687857,0,0,0,0,1.395051443,0,0,0,0.019375714,0.038751429,0,0,0,0,0,0.087190715,0,0,0,0,0,0,0,0.009687857,0,A
0,0,0,0,0,0,0,0,0,0,0.022896918,0,0.022896918,0,0,0,0,0,0,0,0.068690754,0,0,0,0,0,0,0,0,0,0.160278427,0,0.045793836,0,0,0,0,0,0,0,0,0.274763017,0,0,0,0,0,0,0,0,0,0,4.213032926,0,0,0,0,0,0,0,0,0,0,0,0,0,0,0,0,0,0,0,0,0.274763017,0,0,0,0,0.022896918,0,0,0,0,0.206072263,0,0,0,0,0,0,0,0,0,0,0,0,0,0,0,0,0,0.045793836,0,0,H
0.019948533,0,0,0,0,0,0.079794131,0,0,0,0,0,0,0.279279459,0,0,0,0,0,0,0,0,0,0,0,0,0.059845598,0,0.159588262,0.019948533,0,0,0,0,0.219433861,0,0.019948533,0,0,0,0.019948533,0.019948533,0,0,0,0,0,0,0,0.019948533,0,0,0.199485328,0,0.418919188,0,0.219433861,0.039897066,0,0.099742664,0.019948533,0,0.379022123,0,0,0,0,0,0.079794131,0,0,0,0,0.019948533,0.438867721,0.019948533,0,0,0,0.279279459,0.019948533,0,0,3.6505815,0.019948533,0,0.039897066,1.057272238,0.059845598,0,0,2.154441541,0.139639729,0.039897066,0.239382393,0,0.059845598,0,0.079794131,0,0,0,0,0,H
0,0,0,0,0,0,0.094044624,0,0,0,0,0,0,0.094044624,0,0,0,0,0,0,0,0,0.023511156,0,0,0,0,0,0,0,0,0,0.023511156,0.023511156,0.023511156,0,0,0,0,0,0,0.023511156,0,0,0,0,0,0,0,0.023511156,0,0,3.949874215,0,0.023511156,0,0,0,0,0.070533468,0,0.023511156,0.047022312,0,0,0,0,0,0.023511156,0,0,0.023511156,0,0.023511156,0.282133873,0,0,0,0,0.141066936,0,0,0,2.02195942,0.047022312,0,0.258622716,0.446711965,0.023511156,0,0,0,0,0,0.11755578,0,0,0,0,0.023511156,0,0.023511156,0,0.164578092,H
0,0,0,0,0,0,0,0,0,0,0,0,0.017353278,0,0,0,0,0,0,0,0,0,0,0,0,0,0.017353278,0,0,0,0,0,0,0,0.052059834,0,0,0,0,0,0.08676639,0,0.034706556,0,0,0,0,0,0.017353278,0,0,0,0.520598341,0,0,0,0.017353278,0.034706556,0.381772117,0.017353278,0.017353278,0,0.052059834,0,0,0,0,0,0,0,0,0,0,0,0.208239336,0,0,0,0,0.017353278,0,0,0,1.631208135,0,0,0,0.555304897,0.017353278,0.104119668,0,0.225592614,0.017353278,0,0.069413112,0,0,0.034706556,0,0,0,0,0,0.347065561,H
0,0,0,0.783760483,0,0,0.019594012,0,0,0,0,0,0,0.431068266,0,0.039188024,0,0,0,0,0,0,0,0,0,0,0.09797006,0,0.137158084,0.058782036,0,0,0,0,0.176346109,0,0,0,0,0,0,0.019594012,0,0,0,0,0,0,0.019594012,0.039188024,0.019594012,0,0.137158084,0,0.019594012,0,0.156752097,0.019594012,0,0.019594012,0.039188024,0.019594012,0.313504193,0.019594012,0,0,0,0,0.058782036,0,0,0,0,0,0.411474253,0,0,0,0,0.803354495,0,0,0,0.078376048,0.019594012,0,0.313504193,1.116858688,0.019594012,0,0,1.469550905,0.117564072,0,0.215534133,0.019594012,0,0,0,0,0,0,0.019594012,0,H
0,0,0,0.018386071,0,0,0,0,0,0,0,0,0,0.091930354,0,0,0.018386071,0.036772141,0,0,0.036772141,0.018386071,0,0,0,0,0.055158212,0,0.110316424,0.091930354,0,0,0,0.183860707,0.202246778,0,0.018386071,0,0,0,0,0.147088566,0,0,0.036772141,0,0.036772141,0,0,0,0,0,37.52597032,0,0.073544283,0,0.367721414,0,0,1.048006031,0.147088566,0,0.091930354,0,0,0.018386071,0.073544283,0,0,0,0,0,0,0.055158212,0.441265697,0,0,0.055158212,0,0.055158212,0.055158212,0,0,1.875379213,0.018386071,0,0.018386071,0.919303536,0.073544283,0,0,4.596517678,0.091930354,0,0.330949273,0,0,0,0.239018919,0.018386071,0.036772141,0,0,0,H
0,0,0.097155293,0,0,0,0,0,0,0.019431059,0.058293176,0,0,0,0.019431059,0.038862117,0,0.505207524,0,0,0,0,0,0,0,0,0.077724234,0,0.13601741,0.038862117,0.252603762,0,0.038862117,0,0,0.019431059,0,0,0,0,0,3.808487486,0,0,0.252603762,0,0,0,0,0,0,0,1.632208923,0.038862117,0,0.038862117,0.116586352,0,0,0,0,0.038862117,0,0,0,0,0.038862117,0,0,0,0,0,0,0,0,0,0,0.019431059,0.019431059,0.019431059,0,0,0,10.86196176,0,0,0,0,0.019431059,0,0,2.64262397,0.058293176,0,0.174879527,0,0,0,0,0.038862117,0,0.038862117,0,0,H
0.03934452,0,0,0,0,0,0,0,0,0,0,0,0,0.078689041,0,0,0,0,0,0,0,0,0,0,0,0,0.05901678,0,0.196722601,0.03934452,0.01967226,0,0,0.354100683,0.03934452,0,0,0,0,0,0,0.078689041,0.01967226,0,0,0.01967226,0.01967226,0,0,0,0.01967226,0,33.83628745,0.01967226,0,0.03934452,0.118033561,0,0,0.708201365,0.098361301,0,0.118033561,0,0,0,0,0,0.03934452,0,0,0.03934452,0,0,0.078689041,0,0,0.236067122,0,0.157378081,0,0,0,0.668856845,0,0,0.03934452,0.236067122,0,0.01967226,0,1.140991088,0.098361301,0,0.01967226,0,0.03934452,0,0.216394862,0.03934452,0,0,0,0.01967226,H
0,0,1.830928609,0,0,0.078244812,0,0,1.439704548,0,0,0,0.015648962,0.031297925,0,0.015648962,0,0.046946887,0.015648962,0,0,0.015648962,0.015648962,0,0,0,0.422521987,0.031297925,0.672905386,0.281681325,0.015648962,0,0,0,0.015648962,1.33016181,0.031297925,0.031297925,0.312979249,0,0,0,0.015648962,0.031297925,0.156489625,0,0,0,0,0.015648962,0,0.219085475,0.031297925,0,0,0.015648962,0.312979249,0,0,0,0.015648962,0.093893775,0,0,0,0,0.046946887,0,0,0,0.453819912,0.031297925,0.391224062,0,0,0,0,0.031297925,0.031297925,0,0,0,0.2503834,475.4467779,0,0,0,0,0,0.015648962,0,0.219085475,0.015648962,0,0.015648962,0,0,0,0,0.391224062,0,0,0,0,A
0,0,0.01837965,0,0,0,0,0,0.0735186,0,0,0,0.220555801,0,0.16541685,0.422731951,0,0.330833701,0,0,0.01837965,0.294074401,0.01837965,0.294074401,0,0,0.643287752,0.01837965,8.620055874,0.588148802,0.441111601,0,0,0,0,0.09189825,0.496250551,0,0.0367593,0,0,0.01837965,0,0.275694751,0.16541685,0,0,0,0,0,0.0735186,0.1102779,0,0.441111601,0,0.16541685,1.837965005,0,0,0,0,0,0,0,0,0,1.029260403,0.12865755,0,0,0,0,0.0367593,0,0,0,0.01837965,0.05513895,0.16541685,0,0,0,0.01837965,7.976768122,0,0,0,0,0,0,0,0.845463902,2.665049257,0,0,0,0,0,0,0,0,0,0,0,A
0,0,0,0,0,0.023421946,0,0,0,0,0,0,0.163953625,0,0,0.046843893,0,0.163953625,0.046843893,0,0,0.117109732,0.070265839,0,0,0,0.093687785,0,4.426747863,0.210797517,0.234219464,0,0,0.093687785,0,0,0.187375571,0,0,0,0,0,0,0.140531678,0.070265839,0.679236445,0,0.093687785,0,0,0.046843893,0,11.85150486,0,0,0.562126713,1.147675372,0,0.445016981,0,0,0,0,0.819768122,0,0,0.398173088,0.070265839,0.023421946,0.023421946,0,0.491860874,0,0,0,0,0,0.210797517,0.070265839,0,0,0.023421946,0.023421946,1.850333763,0,0,0,0,0,0.023421946,0,0.445016981,1.381894835,0,0,0,0,0,0,0,0,0,0,0,A
0,0.053060719,0.212242877,1.485700136,0,0,0,0,0.318364315,0,0,0,0.477546472,0,0.017686906,0,0,0.424485753,0,0,0,0,0.106121438,0.070747626,0,0.088434532,0.265303596,0.035373813,2.88296574,0.19455597,0.123808345,0.035373813,0,0,0.795910787,0.689789349,0.159182157,0,0.017686906,0,0,0,0,0.176869064,0.176869064,0.406798847,0.088434532,0,1.043527477,0.689789349,0,0.353738128,2.352358549,0.053060719,0.017686906,0.159182157,0.848971506,1.839438264,0,0.017686906,0,0,0.123808345,0,0,0.44217266,0.318364315,0.247616689,0,0.141495251,0,0.229929783,0.176869064,0,0.017686906,0.017686906,0,0.707476255,0.601354817,0,0,0.035373813,0.017686906,34.56021507,0.017686906,0,0,0.017686906,0,0,0.053060719,0.265303596,0.848971506,0.406798847,0,0.63672863,0,0,0,0,0,0,0,0,A
0,0.172980453,0.021622557,2.248745892,0,0,0,0,0.021622557,0,0,0,0,0.043245113,0,0.367583463,0,0.021622557,0.043245113,0,0,0.281093236,0.021622557,0.021622557,0,0.108112783,0.19460301,0,1.470333852,0.151357897,0.06486767,0,0,0,0.864902266,0,0.12973534,0.021622557,0,0,0,0,0,0.043245113,0,0.345960906,0.086490227,0.086490227,1.145995503,0.821657153,0.12973534,0.021622557,0,0.043245113,0,0.108112783,0.38920602,1.837917315,0,0,0,0,0.19460301,0,0,0.367583463,0.345960906,0,0,0.345960906,0,0.302715793,0,0,0,0,0.043245113,0,0,0.25947068,0,0.043245113,0,3.697457187,0,0,0,0.021622557,0,0,0.086490227,0.12973534,0.713544369,0.475696246,0.12973534,1.427088739,0,0,0,0,0,0,0,0,A
0,0,0.042413857,0,0,0,0,0.042413857,0,0,0,0,0,0,0,0,0.016965543,0.084827715,0.025448314,0,0,0,0.033931086,0,0.008482771,0,0.016965543,0,0.067862172,0.008482771,0,0.008482771,0,0,0.220552059,0.033931086,0,0,0,0,0,0,0,0.008482771,0.101793258,0,0.008482771,0.033931086,0.016965543,0.008482771,0,0,2.146141187,0,0,0,0.067862172,0.025448314,0,0,0,0,0.008482771,0,0,0,0,0,0,0,0.008482771,0,0.008482771,0,0,0,0.025448314,0.415655803,0,0.016965543,0,0,0.050896629,9.356496955,0,0,0,0.067862172,0.050896629,0,0,0.025448314,0.025448314,0.025448314,0.0593794,0,0,0.016965543,0,0.067862172,0,0,0,0,A
0,0,0.027381507,0,0,0,0,0.027381507,0,0,0,0,0.054763013,0,0,0,0,0.027381507,0,0,0,0,0.054763013,0,0,0,0,0,0,0,0.465485611,0,0.054763013,0,0,0,0,0,0,0,0,0,0,0,0,0,0,0,0,0,0.054763013,0,0.739300676,0,0,0.191670546,0,0,0,0,0,0.027381507,0,0.027381507,0,0,0,0.08214452,0,0.027381507,0,0,0,0.08214452,0,0,0,0.273815065,0.027381507,0,0,0,0.219052052,4.079844473,0,0,0,0,0,0,0,0,0,0,0,0.164289039,0,0,0,0.136907533,0,0.054763013,0,0,A
0,0,0.018210127,0.009105063,0,0,0,0,0,0,0,0,0,0.045525317,0,0,0,0,0.009105063,0,0,0.009105063,0,0,0,0,0.009105063,0,0.063735443,0.009105063,0.018210127,0.009105063,0,0,0.05463038,0.009105063,0.009105063,0,0,0,0,0,0,0.036420253,0,0,0,0.009105063,0.009105063,0,0.072840507,0.009105063,7.493467117,0,0.35509747,0.018210127,0.127470887,0,0,0,0,0.009105063,0,0,0,0,0,0,0,0,0,0,0,0.063735443,0,0,0,0,0,0.19120633,0,0,0,2.258055705,0,0,0,0,0.018210127,0,0,0.063735443,0.045525317,0,0.045525317,0,0,0,0,0,0,0,0,0,A
0,0,0.006718489,0.040310932,0,0,0.006718489,0,0,0,0,0,0.006718489,0.006718489,0.013436977,0,0,0,0,0.006718489,0,0.013436977,0,0,0.013436977,0,0.181399192,0,0.094058841,0.04702942,0.013436977,0,0,0,0.779344679,0,0.006718489,0,0,0,0,0,0,0.013436977,0,0,0.013436977,0.026873954,0.013436977,0.033592443,0,0,2.969571965,0.006718489,0,0.013436977,0.167962215,0.033592443,0,0,0,0.006718489,0.026873954,0,0,0.013436977,0.020155466,0,0.006718489,0,0,0,0,0,0.006718489,0,0,0.013436977,0,0.080621863,0,0,0,2.257412173,0.013436977,0,0,0,0.006718489,0,0,0.073903375,0.067184886,0.04702942,0.013436977,0.013436977,0,0,0,0,0,0,0,0.040310932,A
0,0.036551712,0,0,0,0,0,0,0,0,0,0,0,0,0,0,0,0,0,0,0.018275856,0,0,0,0,0,0.109655135,0,0.109655135,0.018275856,0,0.018275856,0.073103423,0,0.091379279,0,0.018275856,0,0,0,0,0,0,0.018275856,0,0,0,0,0.018275856,0,0.018275856,0,15.46137398,0,0,0,0.60310324,0,0,0,0,0,0,0.018275856,0,0,0.054827567,0,0.036551712,0,0,0.018275856,0,0,0,0,0,0,0,0,0,0,0,0.493448106,0,0,0,0.310689548,0.109655135,0,0,0.109655135,0.109655135,0.018275856,0.164482702,0.036551712,0,0,0,0,0.018275856,0.018275856,0,0,A
0,0,0,0,0.087691094,0,0,0,0,0,0,0,0,0,0,0,0,0,0,0,0,0,0,0,0,0,0,0,0,0,0,0,0.014615182,0,0,0,0,0,0,0,0,0,0,0,0,0,0,0,0,0,0,0,0.263073281,0,0,0,0,0,0.146151823,0,0,0,0,0,0,0,0,0,0,0,0.014615182,0,0,0,0,0,0,0,0,0.014615182,0,0,0,0.774604659,0,0,0,0,0,0,0,0,0.014615182,0,0,0,0,0,0,0,0,0,0,0.029230365,A
0,0,0,0.014699613,0,0,0,0,0,0,0.014699613,0,0.029399227,0,0,0,0,0.014699613,0,0,0,0,0,0,0,0,0.176395361,0,0.08819768,0.04409884,0.08819768,0,0.014699613,0.014699613,0.117596907,0,0.014699613,0,0,0,0,0,0,0.029399227,0,0,0,0,0.029399227,0.014699613,0,0,6.173837628,0,0,0.04409884,0.293992268,0.029399227,0,0,0,0,0.014699613,0.014699613,0,0,0.04409884,0,0,0.014699613,0,0,0,0,0.014699613,0,0,0.352790722,0,0,0,0,0,1.866850902,0,0,0,0,0,0,0,0.102897294,0.132296521,0.029399227,0.014699613,0.014699613,0,0,0,0,0,0,0,0,A
0,0,0.037265461,0,0,0.01863273,0,0,0,0,0,0,0.037265461,0.037265461,0,0,0,0.242225493,0,0,0,0,0.01863273,0,0,0,0.167694572,0,0.186327303,0.037265461,0.01863273,0,0,0,0.055898191,0,0,0,0,0,0,0,0,0.037265461,0.242225493,0.01863273,0.01863273,0,0,0,0.074530921,0.037265461,0.055898191,0,0,0.055898191,0.577614638,0,0,0,0,0.01863273,0,0.01863273,0,0,0.01863273,0.01863273,0,0,0,0.01863273,0,0.01863273,0,0,0,3.968771544,0.093163651,0.074530921,0,0,0,11.21690361,0,0,0,0,0,0,0,0.130429112,0.074530921,0.01863273,0,0,0,0,0,0,0,0,0,0,A
0,0.056226367,0,0.014056592,0,0,0,0.014056592,0,0,0,0,0,0.056226367,0,0.267075245,0,0,0.210848878,0,0,0.196792286,0.014056592,0,0,0,0.871508694,0,1.939809674,0.604433449,0.014056592,0,0,0,0.084339551,0,0.084339551,0.014056592,0.014056592,0,0,0,0,0.084339551,0.028113184,0,0.056226367,0.028113184,0.042169776,0.196792286,0.028113184,0,1.714904204,0,0,0.210848878,0.590376857,0.014056592,0,0,0,0.351414796,0,0,0,0,0.042169776,0,0,0.084339551,0.056226367,0.168679102,0,0,0,0.084339551,0,0.238962061,0,0.15462251,0,0,0,1.180753714,0,0,0,0,0,0,0,0.435754347,0.098396143,0,0.014056592,0.112452735,0,0,0,0,0,0,0,0.028113184,A
0,0.008796854,0.079171688,0.043984271,0,0,0,0,0.008796854,0,0,0,0,0.079171688,0,0,0,0,0,0.008796854,0,0.008796854,0,0,0.008796854,0,0.140749668,0,0.281499336,0.070374834,0.008796854,0,0,0,0.334280461,0.026390563,0.026390563,0.070374834,0,0,0,0,0,0.052781125,0,0,0.035187417,0,0.008796854,0.035187417,0,0,0.140749668,0,0.008796854,0,0.325483607,0.043984271,0,0,0,0,0.043984271,0,0,0.008796854,0.079171688,0,0,0.043984271,0,0,0.008796854,0.008796854,0,0,0,0.017593708,0,0.123155959,0,0,0,15.81674393,0,0,0,0.035187417,0,0,0,0.193530793,0.158343376,0.008796854,0,0.114359105,0,0,0.017593708,0.008796854,0,0,0,0,A
0,0,0,0,0,0,0,0,0.008937269,0,0,0,0,0.026811808,0,0,0,0.008937269,0,0.017874539,0,0,0,0,0,0,0.089372693,0,0.098309962,0.035749077,0,0,0,0,0.026811808,0,0,0,0,0,0,0,0,0,0.008937269,0,0,0,0,0,0.017874539,0,0.053623616,0,0,0.13405904,0.062560885,0.008937269,0.688169737,0,0,0,0,0,0,0,0,0,0,0,0,0,0,0,0,0,0,0.053623616,0,0.026811808,0,0,0,2.913549794,0,0,0,0.026811808,0.035749077,0,0,0.035749077,0.062560885,0,0.017874539,0,0,0,0,0,0,0,0,0,A
0,0,0.019515241,0,0,0.097576207,0,0,0.019515241,0,0,0,0.019515241,0.117091448,0,0,0,0,0,0.039030483,0,0,0.058545724,0.019515241,0,0,0.195152414,0.039030483,5.034932282,0.331759104,0.117091448,0,0,0,0,0.039030483,0.312243862,0,0,0.058545724,0,0,0,0.234182897,0,0,0,0,0,0,0.039030483,0.058545724,1.873463175,0,0,0.019515241,1.053823036,0,0,0.019515241,0,0,0,0,0,0,0.683033449,0,0,0,0,0,0.039030483,0,0,0,0,0,0.058545724,0.468365794,0,0,0,6.908395457,0,0.019515241,0,0,0.019515241,0,0,0.526911518,1.619765036,0,0.175637173,0,0,0,0,0,0,0,0,0,A
0,0,0,0.052192975,0,0,0,0,0,0,0,0,0,0.017397658,0,0,0,0,0.017397658,0,0,0,0,0,0,0,0.069590633,0,0.069590633,0.034795317,0,0,0,0,0.226169558,0,0,0,0,0,0,0,0,0,0,0,0.121783608,0,0.034795317,0.243567216,0,0,0,0,0,0.156578924,0,0.034795317,1.165643104,0,0,0.017397658,0,0,0,0,0,0,0,0,0,0.034795317,0,0,0,0,0,0,0,0,0,0,0,0.330555507,0,0,0,0,0,0,0,0.052192975,0.034795317,0,0.017397658,0,0,0,0,0,0,0,0,0,A
0,0,0.055577169,0.148205784,0,0,0,0,0.129680061,0,0,0,0.203782953,0,0,0.074102892,0,0.296411567,0.018525723,0,0,0.018525723,0.018525723,0,0,0.111154338,0.148205784,0.018525723,2.260138202,0.111154338,0.074102892,0.055577169,0.018525723,0,0.037051446,0.148205784,0.111154338,0,0.018525723,0.129680061,0.018525723,0,0,0.148205784,0.203782953,1.482057837,0,0,0.111154338,0.018525723,0.129680061,0.037051446,0.018525723,0,0,0.111154338,0.629874581,0.055577169,0,0,0,0,0.018525723,0.018525723,0,0,0.370514459,0.074102892,0,0.037051446,0.055577169,1.204171993,0.018525723,0,0,0.129680061,0,0.111154338,0.296411567,0,0,0.129680061,0.148205784,11.31921673,0,0,0,0.018525723,0.018525723,0,0.018525723,0.259360122,0.648400304,0,0.18525723,0.444617351,0,0,0,0.111154338,0.018525723,0,0,0,A
0,0.00799565,0.063965203,0.00799565,1.103399751,0,0,0,0.00799565,0,0,0,0,0,0,0,0,0,0,0,0,0,0,0,0.00799565,0,0.055969553,0,0.055969553,0.023986951,0.00799565,0.00799565,0,0,0.071960853,0.039978252,0,0,0,0,0,0,0,0.00799565,0,0,0.00799565,0,0.00799565,0,0.00799565,0,0.023986951,0,0,0.423769469,0.079956504,0.00799565,0.719608533,0,0,0,0,0,0,0.00799565,0,0,0,0,0,0,0.00799565,0,0,0.00799565,0,0,0,0,0,0,0,14.48811846,0,0,0,0.039978252,0,0,0,0.071960853,0.039978252,0.015991301,0.00799565,0.055969553,0,0,0,0,0,0,0,0.015991301,A
0,0,0.017534323,0.070137294,0,0,0,0,0.017534323,0,0,0,0.017534323,0,0.035068647,0.017534323,0,0.227946205,0,0,0,0.017534323,0.017534323,0,0,0,0.122740264,0,2.033981519,0.157808911,0,0.596166997,0,0.087671617,0.087671617,0,0.087671617,0,0.035068647,0.140274588,0,0,0,0.087671617,0.157808911,0.385755116,0.017534323,0,0.192877558,0.122740264,0,0,5.891532675,0,0.017534323,0,0.543564027,0.105205941,0,0,0,0,0,0,0,0.035068647,0.350686469,0.035068647,0,0,0,0.245480528,0.017534323,0,0,0.017534323,0,0.070137294,0.05260297,0,0,0.070137294,0.05260297,1.613157756,0,0,0,0,0.035068647,0,0.017534323,0.087671617,0.578632673,0,0.087671617,0,0,0,0,0.070137294,0,0,0,0,A
0,0,0.012940126,0,0.103521008,0.038820378,0,0,0,0,0,0,0,0.116461134,0,0,0,0.038820378,0,0.012940126,0.012940126,0,0.051760504,0,0,0,0,0,0,0,0.271742647,0,0,0.012940126,0.142341386,0,0,0,0,0,0,0,0,0,0.025880252,0,0.012940126,0,0,0,0.051760504,0,8.074638647,0,0.077640756,0.116461134,0,0,0,0,0,0.025880252,0.025880252,0,0,0,0,0,0,0,0,0,0,0,0,0.012940126,0,0.310563025,0,0.439964285,0,0,0,4.089079828,0,0,0,0.181161765,0.012940126,0,0,0,0,0,0.06470063,0.012940126,0,0,0.038820378,0,0.012940126,0,0.012940126,0,A
0,0,0.01577735,0.0315547,2.966141807,0.01577735,0,0,0.04733205,0,0,0,0,0.04733205,0,0.01577735,0,0,0,0,0,0,0.01577735,0,0,0,0.299769651,0,0.567984601,0.17355085,0,0,0,0,0.07888675,0.0315547,0,0,0,0,0,0,0,0.0631094,0,0,0.0315547,0,0.01577735,0.11044145,0,0,2.855700357,0,0,0,0.14199615,0.01577735,0,0,0,0.01577735,0,0,0,0,0,0,0,0,0.01577735,0.0315547,0,0,0,0.299769651,0,0.01577735,0,0.04733205,0,0,0,7.084030166,0,0,0,0,0,0.01577735,0,0.0946641,0.0315547,0,0.07888675,0,0,0.0315547,0,0,0,0,0,0,A
0,0.074174072,0.118678515,0.029669629,27.62242431,0.029669629,0,0,0.029669629,0,0,0,0,0,0,0.430209616,0,0,0.029669629,0,0,0.163182958,0,0,0,0,0.712071088,0,1.602159949,0.68240146,0.014834814,0,0,0,0.014834814,0.044504443,0.133513329,0,0,0,0.014834814,0,0,0.296696287,0.014834814,0.014834814,0.029669629,0,0.014834814,0.029669629,0.148348143,0.014834814,0.029669629,0,0,0.207687401,0.860419232,0.014834814,0,0,0,0.192852586,0.014834814,0,0.044504443,0,0.148348143,0,0,0,0.029669629,0.192852586,0.014834814,0,0,0.178017772,0,0,0,0,0,0,0,15.97709505,0,0,0,0,0.029669629,0,0,0.697236274,0.089008886,0,0.1038437,0.1038437,0,0,0,0,0,0,0,0.059339257,A
0,0,0.04191027,1.278263238,13.70465833,0.020955135,0,0,0.020955135,0,0,0,0.020955135,0,0,0.565788647,0,0.062865405,0.12573081,0,0,0.461012971,0.08382054,0,0,0,0,0,0,0,1.99073783,0.104775675,0,0,0.398147566,0.12573081,0,0,0,0.209551351,0,0,0,0,0.04191027,0.440057836,0.08382054,0.08382054,0.880115672,0.754384862,0,0.020955135,0.020955135,0,0,1.089667023,0,1.592590264,0,0,0,0.104775675,0.146685945,0,0,0.502923241,0,0,0,0,0.020955135,0.461012971,0,0,0,0.08382054,0,0.16764108,0.04191027,0,0,0.062865405,0.12573081,5.574065925,0,0,0,0.020955135,0.104775675,0,0,0,0,0.272416756,0.314327026,0,0,0,0,0,0,0,0,0,A
0,0.019800804,0.297012059,0.277211255,0,0,0,0.019800804,0.277211255,0,0,0,0.970239392,0.019800804,0.019800804,0,0,0.198008039,0.059402412,0,0,0,0.158406431,0.079203216,0,0,0,0.138605627,0,0,1.227649843,0,0,0,0.079203216,0.435617686,0,0,0.059402412,0.079203216,0,0,0,0,0.118804823,0,0.019800804,0.019800804,0.217808843,0.118804823,0.059402412,0.336613667,2.435498881,0.118804823,0.019800804,0.772231353,0,0.316812863,0,0,0,0.079203216,0,0,0,0.019800804,0,0.336613667,0,0.019800804,0.019800804,0,0.376215274,0,0,0.019800804,0.019800804,0.237609647,0.930637784,0.178207235,0,0,0.019800804,39.79961586,0,0,0,0,0.019800804,0,0.019800804,0,0.019800804,0.019800804,0.138605627,0.039601608,0,0,0,0,0,0,0,0,A
0,0,0.048457438,0,0,0.016152479,0,0.024228719,0.032304959,0,0,0,0.040381199,0,0,0,0,0,0,0,0,0,0.137296075,0,0.00807624,0,0,0.00807624,0,0,0,0,0,0,0,0.016152479,0,0.00807624,0,0,0,0,0,0,0,0,0,0.00807624,0,0,0,0,3.343563237,0,0,0,0,0.00807624,0,0,0,0,0,0,0,0,0,0.016152479,0,0,0,0,0.024228719,0,0,0,0.032304959,0.016152479,0.064609918,0,0,0,0,16.99240833,0,0,0,0,0.048457438,0.016152479,0,0,0,0,0.080762397,0.048457438,0,0,0.00807624,0,0.01615248,0,0,0,A
0,0,0.103133186,0.948825313,0,0.041253274,0,0.020626637,0.123759823,0,0,0,0.123759823,0,0,0.185639735,0,0.783812215,0.061879912,0,0,0.103133186,0.041253274,0.020626637,0,0.041253274,0.22689301,0.041253274,5.321672408,0.495039294,0.041253274,0.020626637,0,0.020626637,0.391906108,0.309399559,0.37127947,0,0.082506549,0.144386461,0,0,0.020626637,0.22689301,0.618799117,0.123759823,0.061879912,0.103133186,0.721932303,0.536292568,0,0.123759823,3.320888596,0.061879912,0.020626637,0.082506549,1.237598234,1.175718323,0,0,0,0,0.041253274,0,0,0.185639735,0.866318764,0.082506549,0,0.041253274,0.082506549,0.041253274,0.144386461,0,0,0.020626637,0,0.020626637,0.22689301,0.103133186,0,0.020626637,0.185639735,22.89556734,0,0,0,0.020626637,0,0,0.020626637,0.845692127,1.670757616,0.288772921,0.185639735,0.020626637,0,0.020626637,0,0.206266372,0,0,0,0,A
0,0,0.028506678,0,0,0,0,0,0,0,0,0,0.014253339,0,0,0.014253339,0,0.057013355,0,0,0,0,0.028506678,0,0,0,0.598640231,0,0.356333471,0.042760017,0.042760017,0,0,0.014253339,0,0.028506678,0.028506678,0,0,0.014253339,0,0,0,0.071266694,0.014253339,0,0,0,0,0,0,0,52.95115381,0,0,0,0.755426959,0,0,0,0,0.028506678,0,0,0.014253339,0,0.028506678,0,0,0.014253339,0,0,0.014253339,0.042760017,0,0,0,0.057013355,0,0,0,0,0,7.126669422,0,0,0,0,0.085520033,0,0,0.156786727,0.156786727,0,0.114026711,0,0,0,0.085520033,0,0,0,0.014253339,0,A
0,0,0,0.011252138,0.168782069,0,0,0,0,0,0,0,0,0,0,0,0,0,0,0,0,0,0,0,0,0,0.011252138,0,0,0,0.011252138,0,0,0,0.011252138,0,0,0,0,0,0,0,0,0,0,0,0,0,0,0,0,0,7.088846881,0,0,0.810153929,0.011252138,0,0.787649653,0,0,0,0.011252138,0,0,0,0,0,0,0,0,0,0,0,0,0.011252138,0,0.011252138,0,0,0,0,0,0,0,0,0,0.078764965,0,0,0,0.011252138,0,0,0,0,0,0,0,0,0,0,0,0,A
0,0.043930169,0,0,0.500803922,0,0.017572067,0,0.008786034,0,0,0,0.017572067,0,0,0,0,0,0.017572067,0,0,0,0,0,0,0,0.026358101,0.008786034,0.061502236,0.043930169,0,0.008786034,0,0,0.184506708,0.008786034,0,0,0,0,0.008786034,0,0,0.008786034,0,0,0,0.026358101,0,0,0,0,11.17583489,0,0.008786034,0,0.096646371,0.026358101,0,0,0,0,0.008786034,0,0,0,0.017572067,0,0,0.026358101,0,0,0,0,0,0.017572067,0,0,0.035144135,0,0,0,0,1.95928552,0,0,0,0.07028827,0.008786034,0,0,0.07028827,0.017572067,0,0,0.149362573,0,0.008786034,0,0,0,0,0,0.052716202,A
0,0,0.062168435,0.062168435,0.072529841,0.051807029,0,0.010361406,0.010361406,0,0.010361406,0,0,0,0.031084218,0,0,0.176143899,0,0,0.020722812,0,0,0.010361406,0,0,0,0.010361406,0,0,0,0,0.269396553,0.010361406,0.99469496,0.010361406,0,0,0.010361406,0,0,0,0,0,0.020722812,0,0.051807029,0,0.041445623,0.072529841,0,0,11.08670424,0.031084218,0,0,0,0.103614058,0,0,0,0,0.072529841,0.145059682,0,0.020722812,0,0,0,0,0,0,0.010361406,0.082891247,0,0,0,0.310842175,0,0,0,0,0,12.23682029,0,0,0,1.833968833,0,0,0,0,0,0.165782493,0,0,0,0,0,0,0,0.093252653,0,0,A
0,0,0.022561141,0.225611407,24.52395993,0,0,0,0.022561141,0,0,0,0.022561141,0,0,0,0,0.022561141,0,0,0,0,0,0,0,0.022561141,0.112805703,0,1.128057035,0.045122281,0,0,0,0,0.090244563,0.022561141,0.067683422,0,0,0.022561141,0,0,0,0,0,0.067683422,0.022561141,0.067683422,0.022561141,0.022561141,0.022561141,0,0,0,0,0,0.225611407,0.157927985,0,0,0,0,0.022561141,0.564028517,0.022561141,0.022561141,0.157927985,0.022561141,0,0,0,0.135366844,0,0,0,0.022561141,0,0,0,0,0,0.045122281,0,1.466474145,0,0,0,0.022561141,0.045122281,0,0,0.112805703,0.248172548,0.045122281,0.090244563,0,0,0,0,0,0,0,0,0,A
0,0,0.068132267,0.317950581,0,0.022710756,0,0.022710756,0.068132267,0,0,0,0.113553779,0,0.068132267,0.068132267,0,1.998546512,0,0,0,0.022710756,0.022710756,0.249818314,0,0,0.658611919,0,8.471111919,0.726744186,0.317950581,0,0,0.045421512,0,0.045421512,0.613190407,0,0.340661337,0.090843023,0,0,0.022710756,0.499636628,1.385356105,0.045421512,0,0,0.045421512,0.022710756,0.022710756,0.158975291,14.96638808,0.249818314,0,0.204396802,1.862281977,0.022710756,0,0,0,0.022710756,0,0,0,0,1.158248547,0.068132267,0,0,0.022710756,0,0.068132267,0,0,0,0,0.590479651,0.090843023,0,0,0,0.090843023,10.31068314,0,0,0,0,0.136264535,0,0.022710756,1.021984012,2.838844477,0.045421512,0.158975291,0,0,0,0,0.136264535,0,0,0,0,A
0,0,0.09477101,0.09477101,0,0,0,0.023692752,0.071078257,0,0,0,0.09477101,0.071078257,0.047385505,0.09477101,0,0.071078257,0,0,0,0.047385505,0.071078257,0.189542019,0,0,0.071078257,0,1.421565143,0.142156514,0.971402848,0,0,0.047385505,0.023692752,0.284313029,0.213234771,0,0.023692752,0.047385505,0,0,0,0.071078257,0.023692752,0.189542019,0,0.023692752,0,0.023692752,0.09477101,0.189542019,11.53837041,0.071078257,0,0.544933305,0.331698533,0.023692752,0,0,0,0.023692752,0,0.023692752,0,0,0.213234771,0.023692752,0,0,0,0.142156514,0.023692752,0,0,0,0,0,0.213234771,0.402776791,0,0,0,12.65192977,0,0,0,0,0,0,0,0.09477101,0.236927524,0,0,0,0,0,0,0,0,0,0,0,A
0,0.008312483,0,0,0,0,0,0,0,0,0,0,0,0.008312483,0,0,0.016624966,0.024937449,0,0,0,0,0.008312483,0,0,0,0.124687243,0.008312483,0.257686969,0.041562414,0.008312483,0.016624966,0,0,0.083124829,0,0.024937449,0,0,0,0,0,0,0.016624966,0.024937449,0,0.008312483,0.024937449,0,0.008312483,0.008312483,0,13.9649712,0,0,0.008312483,0.357436763,0.041562414,0,0,0,0,0.008312483,0,0.016624966,0,0.016624966,0,0.008312483,0.008312483,0,0,0,0,0,0,0,0.332499314,0,0.016624966,0,0,0,1.363247188,0,0,0,0.008312483,0.05818738,0,0.008312483,0.191187106,0.11637476,0,0.108062277,0,0,0,0,0,0,0,0,0,A
0,0,0.02084028,0,0,0,0,0,0,0,0,0,0.416805602,0,0,0.229243081,0,0.125041681,0,0,0.06252084,0.04168056,0,0,0,0,0,0,0.04168056,0,0.187562521,0.02084028,0,0.1042014,0,0.04168056,0,0,0,0.02084028,0,0,0,0,0.08336112,0,0,0,0,0,0.291763921,0.02084028,14.35895298,0,0,0.04168056,0,0,0,0,0,0,0,0,0,0,0.02084028,0.166722241,0,0,0,0,0,0,0,0,0,0,0.312604201,0.08336112,0,0,0,1.938146049,0,0,0,0,0,0,0,0,0,0,0.02084028,0,0,0,0,0,0,0,0,0,A
